{
    "train": {
        "loss": 0.06365876644849777,
        "accuracy": 0.514337956905365,
        "precision_2": 0.8691081404685974,
        "recall_2": 0.31737905740737915,
        "auc_2": 0.7103389501571655
    },
    "val": {
        "loss": 0.07418651878833771,
        "accuracy": 0.5596634149551392,
        "precision_2": 0.6332378387451172,
        "recall_2": 0.23105069994926453,
        "auc_2": 0.6124244332313538
    }
}