{
    "train": {
        "loss": 0.8193905353546143,
        "accuracy": 0.6063031554222107,
        "precision_2": 0.6584194898605347,
        "recall_2": 0.4990483522415161,
        "auc_2": 0.8039963841438293
    },
    "val": {
        "loss": 0.9757554531097412,
        "accuracy": 0.51811683177948,
        "precision_2": 0.5487805008888245,
        "recall_2": 0.41040176153182983,
        "auc_2": 0.7161324620246887
    }
}