{
    "train": {
        "loss": 0.07020273059606552,
        "accuracy": 0.3367239236831665,
        "precision": 0.96875,
        "recall": 0.0004929241258651018,
        "auc": 0.5518366098403931
    },
    "val": {
        "loss": 0.07605428993701935,
        "accuracy": 0.5083696842193604,
        "precision": 0.75,
        "recall": 0.0007705149473622441,
        "auc": 0.5450597405433655
    }
}