{
    "train": {
        "loss": 0.067689448595047,
        "accuracy": 0.43951332569122314,
        "precision_1": 0.8104858994483948,
        "recall_1": 0.20729774236679077,
        "auc_1": 0.6339987516403198
    },
    "val": {
        "loss": 0.07583725452423096,
        "accuracy": 0.5494171380996704,
        "precision_1": 0.6320541501045227,
        "recall_1": 0.21499872207641602,
        "auc_1": 0.597933828830719
    }
}