{
    "train": {
        "loss": 0.9385973811149597,
        "accuracy": 0.5520273447036743,
        "precision": 0.6525264382362366,
        "recall": 0.34111958742141724,
        "auc": 0.737856388092041
    },
    "val": {
        "loss": 1.0313103199005127,
        "accuracy": 0.48308295011520386,
        "precision": 0.5476056337356567,
        "recall": 0.2968120276927948,
        "auc": 0.6680845022201538
    }
}