{
    "train": {
        "loss": 0.8657770752906799,
        "accuracy": 0.59311842918396,
        "precision_1": 0.6693298816680908,
        "recall_1": 0.4519501328468323,
        "auc_1": 0.7841057777404785
    },
    "val": {
        "loss": 1.0132564306259155,
        "accuracy": 0.49160847067832947,
        "precision_1": 0.5396065711975098,
        "recall_1": 0.3730246126651764,
        "auc_1": 0.6893408298492432
    }
}