{
    "val_accuracy": 0.5965765538150581,
    "val_precision": 0.5966583816625242,
    "val_recall": 0.5548991909592911,
    "val_f1": 0.5750216248586066
}