{
    "val_accuracy": 0.5023888276368982,
    "val_precision": 0.45299853772383264,
    "val_recall": 0.5023888276368982,
    "val_f1": 0.45540040303703966
}