{
    "val_accuracy": 0.6300356960734319,
    "val_precision": 0.6245293168370092,
    "val_recall": 0.6065830721003135,
    "val_f1": 0.615425390935595
}