{
    "val_accuracy": 0.5817106236135076,
    "val_precision": 0.5472332259521266,
    "val_recall": 0.5817106236135076,
    "val_f1": 0.528517484292854
}