{
    "val_accuracy": 0.6164470349721237,
    "val_precision": 0.6092896174863388,
    "val_recall": 0.6278474532889685,
    "val_f1": 0.6184293457708308
}