{
    "val_accuracy": 0.44271405887382437,
    "val_precision": 0.436258273819779,
    "val_recall": 0.44271405887382437,
    "val_f1": 0.43038088709979994
}