{
    "val_accuracy": 0.4915106315455411,
    "val_precision": 0.5201146566773527,
    "val_recall": 0.4915106315455411,
    "val_f1": 0.4978740769093413,
    "cv_mean_accuracy": 0.4753517401883,
    "cv_std_accuracy": 0.056522098977698755,
    "best_fold_score": 0.535068232307204
}