{
    "val_accuracy": 0.6507271382795169,
    "val_precision": 0.6263773197281461,
    "val_recall": 0.6507271382795169,
    "val_f1": 0.6127866284515064
}