{
    "val_accuracy": 0.5127129543520845,
    "val_precision": 0.5869379157800019,
    "val_recall": 0.5127129543520845,
    "val_f1": 0.534289937559125,
    "cv_mean_accuracy": 0.5219401518299399,
    "cv_std_accuracy": 0.04601611056736878,
    "best_fold_score": 0.5823423494726845
}