{
    "val_accuracy": 0.6086180520142784,
    "val_precision": 0.5915901401643306,
    "val_recall": 0.6394984326018809,
    "val_f1": 0.6146121014310821
}