{
    "val_accuracy": 0.5341409909286745,
    "val_precision": 0.6872358008029359,
    "val_recall": 0.5341409909286745,
    "val_f1": 0.5797695422292133,
    "cv_mean_accuracy": 0.563713380369836,
    "cv_std_accuracy": 0.056137036960831645,
    "best_fold_score": 0.6423051838969149
}