{
    "val_accuracy": 0.577311773623042,
    "val_precision": 0.5728503184713376,
    "val_recall": 0.5541720154043646,
    "val_f1": 0.5633563878376615
}