{
    "val_accuracy": 0.5941459706031424,
    "val_precision": 0.5912863070539419,
    "val_recall": 0.5835679549526491,
    "val_f1": 0.5874017776632745
}