{
    "val_accuracy": 0.5821389195148843,
    "val_precision": 0.5963769369408164,
    "val_recall": 0.5821389195148843,
    "val_f1": 0.5332156443844294
}