{
    "val_accuracy": 0.5101990961280078,
    "val_precision": 0.5172126667949253,
    "val_recall": 0.5101990961280078,
    "val_f1": 0.4916837355541291
}